,predicate,slide_number,workerid,Answer.time_in_minutes,response,class,estimate
0,tremendous,3,0,1.824583333,0.8399931999999999,1,0.8558735251426697 0.8721188902854919
1,renal,4,0,1.824583333,0.3600028,0,0.29666414856910706 0.34349843859672546
3,Egyptian,6,0,1.824583333,0.1700066,1,0.7982198596000671 0.8089734315872192
6,double,9,0,1.824583333,0.12000759999999999,0,0.16518153250217438 0.20707769691944122
7,official,10,0,1.824583333,0.0200096,0,0.12961207330226898 0.16992583870887756
8,fresh,11,0,1.824583333,0.5299994,1,0.8619765043258667 0.8730999231338501
