,predicate,slide_number,workerid,Answer.time_in_minutes,response,class,estimate
1,renal,4,0,1.824583333,0.3600028,0,0.15990261733531952 0.1246788278222084
3,Egyptian,6,0,1.824583333,0.1700066,1,0.7590846419334412 0.7996228933334351
5,scratchy,8,0,1.824583333,0.8699925999999999,1,0.9232266545295715 0.9372632503509521
6,double,9,0,1.824583333,0.12000759999999999,0,0.13421542942523956 0.10056426376104355
7,official,10,0,1.824583333,0.0200096,0,0.12024462968111038 0.08517579734325409
8,fresh,11,0,1.824583333,0.5299994,1,0.8230655193328857 0.8577645421028137
