predicate,slide_number,workerid,Answer.time_in_minutes,response,class
tremendous,3,0,1.824583333,0.84,1
renal,4,0,1.824583333,0.36,0
chemical,5,0,1.824583333,0.25,0
Egyptian,6,0,1.824583333,0.17,1
ulterior,7,0,1.824583333,0.85,1
scratchy,8,0,1.824583333,0.87,1
double,9,0,1.824583333,0.12,0
official,10,0,1.824583333,0.02,0
fresh,11,0,1.824583333,0.53,1